Close,StockExchange,Ticker,Time
33.7,hose,ACB,05/01/2022
37.15,hose,APH,05/01/2022
24.6,hose,ASM,05/01/2022
66,hose,BCM,05/01/2022
61.5,hose,BHN,05/01/2022
37.05,hose,BID,05/01/2022
58.9,hose,BMP,05/01/2022
56.6,hose,BVH,05/01/2022
43,hose,BWE,05/01/2022
53,hose,CII,05/01/2022
106,hose,CTD,05/01/2022
34.75,hose,CTG,05/01/2022
74.5,hose,DBC,05/01/2022
37.2,hose,DCM,05/01/2022
156.7,hose,DGC,05/01/2022
125,hose,DGW,05/01/2022
87.6,hose,DHC,05/01/2022
115,hose,DHG,05/01/2022
110.6,hose,DIG,05/01/2022
50,hose,DPM,05/01/2022
35.6,hose,DXG,05/01/2022
34.3,hose,EIB,05/01/2022
20,hose,FLC,05/01/2022
93.6,hose,FPT,05/01/2022
105,hose,GAS,05/01/2022
25.6,hose,GEG,05/01/2022
43.45,hose,GEX,05/01/2022
47.6,hose,GMD,05/01/2022
20.1,hose,GTN,05/01/2022
38.4,hose,GVR,05/01/2022
13.9,hose,HAG,05/01/2022
32.9,hose,HBC,05/01/2022
45.8,hose,HCM,05/01/2022
30.5,hose,HDB,05/01/2022
67,hose,HDG,05/01/2022
11.65,hose,HHS,05/01/2022
13.3,hose,HNG,05/01/2022
46.8,hose,HPG,05/01/2022
33.9,hose,HPX,05/01/2022
9.27,hose,HQC,05/01/2022
37,hose,HSG,05/01/2022
24,hose,HT1,05/01/2022
23.1,hose,HVN,05/01/2022
32.85,hose,IJC,05/01/2022
76.3,hose,IMP,05/01/2022
17.35,hose,ITA,05/01/2022
60.5,hose,KBC,05/01/2022
53.9,hose,KDC,05/01/2022
55.7,hose,KDH,05/01/2022
32.6,hose,KOS,05/01/2022
22.2,hose,LPB,05/01/2022
28.7,hose,MBB,05/01/2022
27.7,hose,MSB,05/01/2022
161,hose,MSN,05/01/2022
137.1,hose,MWG,05/01/2022
65,hose,NLG,05/01/2022
26.55,hose,NT2,05/01/2022
89.1,hose,NVL,05/01/2022
27.5,hose,OCB,05/01/2022
40.5,hose,PAN,05/01/2022
41,hose,PC1,05/01/2022
93.8,hose,PDR,05/01/2022
73,hose,PHR,05/01/2022
55.7,hose,PLX,05/01/2022
95.1,hose,PNJ,05/01/2022
14.5,hose,POM,05/01/2022
19,hose,POW,05/01/2022
24.5,hose,PPC,05/01/2022
17,hose,PTL,05/01/2022
31.05,hose,PVD,05/01/2022
24.9,hose,PVT,05/01/2022
71,hose,REE,05/01/2022
159.3,hose,SAB,05/01/2022
25.85,hose,SAM,05/01/2022
26.2,hose,SBT,05/01/2022
151,hose,SCS,05/01/2022
79.9,hose,SJS,05/01/2022
52.8,hose,SSI,05/01/2022
32.55,hose,STB,05/01/2022
72.4,hose,SZC,05/01/2022
50.5,hose,TCB,05/01/2022
28.3,hose,TCH,05/01/2022
65.9,hose,TCM,05/01/2022
16.6,hose,TNA,05/01/2022
42,hose,TPB,05/01/2022
78,hose,VCB,05/01/2022
56,hose,VCG,05/01/2022
73.6,hose,VCI,05/01/2022
56,hose,VGC,05/01/2022
67.3,hose,VHC,05/01/2022
84,hose,VHM,05/01/2022
47.45,hose,VIB,05/01/2022
100,hose,VIC,05/01/2022
33.2,hose,VIX,05/01/2022
123,hose,VJC,05/01/2022
82.1,hose,VND,05/01/2022
86.2,hose,VNM,05/01/2022
35.5,hose,VPB,05/01/2022
57.8,hose,VPI,05/01/2022
33.3,hose,VRE,05/01/2022
9.2,hnx,HHG,05/01/2022
10.4,hnx,NST,05/01/2022
19,hnx,MST,05/01/2022
52.2,hnx,SHS,05/01/2022
26.7,hnx,PHP,05/01/2022
33,hnx,PSD,05/01/2022
11.5,hnx,VHE,05/01/2022
11.3,hnx,SPI,05/01/2022
18,hnx,WSS,05/01/2022
19.7,hnx,LIG,05/01/2022
13.9,hnx,THT,05/01/2022
45.9,hnx,VGS,05/01/2022
37,hnx,APS,05/01/2022
9.1,hnx,FID,05/01/2022
17.5,hnx,VIG,05/01/2022
34.2,hnx,TNG,05/01/2022
9.9,hnx,ITQ,05/01/2022
28.2,hnx,NRC,05/01/2022
20.4,hnx,LAS,05/01/2022
11.9,hnx,SRA,05/01/2022
12.4,hnx,SD5,05/01/2022
40.5,hnx,EVS,05/01/2022
11.3,hnx,OCH,05/01/2022
9.1,hnx,KSQ,05/01/2022
22.8,hnx,BAB,05/01/2022
49,hnx,PVI,05/01/2022
10.9,hnx,MAC,05/01/2022
17.9,hnx,IVS,05/01/2022
19.5,hnx,PSI,05/01/2022
10.8,hnx,NDX,05/01/2022
20.6,hnx,HUT,05/01/2022
8.3,hnx,MCO,05/01/2022
37,hnx,SCI,05/01/2022
10.2,hnx,PCG,05/01/2022
117.7,hnx,VCS,05/01/2022
264.7,hnx,THD,05/01/2022
12.5,hnx,VKC,05/01/2022
16.7,hnx,PVC,05/01/2022
14.2,hnx,VC9,05/01/2022
13.6,hnx,TA9,05/01/2022
11.9,hnx,X20,05/01/2022
44,hnx,TAR,05/01/2022
9.2,hnx,VTV,05/01/2022
14.4,hnx,SD9,05/01/2022
24.1,hnx,BCC,05/01/2022
71,hnx,API,05/01/2022
66,hnx,VC2,05/01/2022
24.6,hnx,AAV,05/01/2022
13.2,hnx,NSH,05/01/2022
50.1,hnx,DTD,05/01/2022
8.6,hnx,KLF,05/01/2022
13.7,hnx,TVD,05/01/2022
15.8,hnx,HBS,05/01/2022
17.5,hnx,NBC,05/01/2022
13,hnx,DST,05/01/2022
16.1,hnx,MBG,05/01/2022
23.2,hnx,S99,05/01/2022
41,hnx,MBS,05/01/2022
44.7,hnx,PLC,05/01/2022
30.7,hnx,DDG,05/01/2022
8.7,hnx,SD6,05/01/2022
85.6,hnx,CEO,05/01/2022
9.3,hnx,HOM,05/01/2022
11.7,hnx,BTS,05/01/2022
9.4,hnx,CTC,05/01/2022
34.3,hnx,CMS,05/01/2022
14.7,hnx,DL1,05/01/2022
14.5,hnx,NAG,05/01/2022
12.2,hnx,CVN,05/01/2022
25.1,hnx,VC7,05/01/2022
25.1,hnx,DVG,05/01/2022
22.3,hnx,DXP,05/01/2022
48,hnx,IDJ,05/01/2022
73,hnx,IDC,05/01/2022
19,hnx,NDN,05/01/2022
36.3,hnx,NVB,05/01/2022
16.7,hnx,ART,05/01/2022
8,hnx,KVC,05/01/2022
27.3,hnx,SDA,05/01/2022
9.5,hnx,PV2,05/01/2022
8.3,hnx,SVN,05/01/2022
60.3,hnx,NTP,05/01/2022
8.1,hnx,TTH,05/01/2022
58.3,hnx,VC3,05/01/2022
28.2,hnx,PVS,05/01/2022
12.3,hnx,TC6,05/01/2022
26.7,hnx,TIG,05/01/2022
14.6,hnx,PBP,05/01/2022
50.6,hnx,GKM,05/01/2022
40.7,hnx,BVS,05/01/2022
14.4,hnx,PVG,05/01/2022
17.8,hnx,PVL,05/01/2022
14.5,hnx,TDT,05/01/2022
24,hnx,TVC,05/01/2022
14.5,hnx,AMV,05/01/2022
17.7,hnx,C69,05/01/2022
79.6,hnx,KSF,05/01/2022
125.5,hnx,CSC,05/01/2022
39.9,hnx,BNA,05/01/2022
13.6,hnx,BII,05/01/2022
43.7,upcom,VEA,05/01/2022
22.2,upcom,TL4,05/01/2022
7.8,upcom,VE9,05/01/2022
7.2,upcom,SDP,05/01/2022
26.3,upcom,HU4,05/01/2022
18.4,upcom,SGB,05/01/2022
43.2,upcom,HMS,05/01/2022
18,upcom,ANT,05/01/2022
22.7,upcom,PAS,05/01/2022
15.7,upcom,AFX,05/01/2022
15.8,upcom,AMS,05/01/2022
9.4,upcom,LMH,05/01/2022
7.2,upcom,BTN,05/01/2022
8,upcom,BVG,05/01/2022
25.7,upcom,VNP,05/01/2022
28.1,upcom,VGT,05/01/2022
7.3,upcom,VNH,05/01/2022
22.9,upcom,VNB,05/01/2022
32.7,upcom,VNA,05/01/2022
33.2,upcom,VGI,05/01/2022
16.3,upcom,PFL,05/01/2022
11.3,upcom,STH,05/01/2022
10.3,upcom,TNS,05/01/2022
16.8,upcom,VFS,05/01/2022
36.3,upcom,LTG,05/01/2022
13.1,upcom,MVC,05/01/2022
18.8,upcom,VBB,05/01/2022
16.3,upcom,HAC,05/01/2022
19.7,upcom,NAB,05/01/2022
27.5,upcom,MSR,05/01/2022
24.1,upcom,BMS,05/01/2022
26.1,upcom,DNW,05/01/2022
40.2,upcom,DGT,05/01/2022
25.5,upcom,DFF,05/01/2022
9.9,upcom,VHG,05/01/2022
5.1,upcom,KSH,05/01/2022
10.1,upcom,VLG,05/01/2022
16.4,upcom,XMC,05/01/2022
47.8,upcom,QNS,05/01/2022
16.6,upcom,TVN,05/01/2022
7.8,upcom,PXT,05/01/2022
41.5,upcom,PGV,05/01/2022
33.8,upcom,PGB,05/01/2022
44.1,upcom,MPC,05/01/2022
58.2,upcom,APF,05/01/2022
22.2,upcom,ABB,05/01/2022
29.7,upcom,AAS,05/01/2022
22.8,upcom,BVB,05/01/2022
15,upcom,BOT,05/01/2022
24,upcom,BSR,05/01/2022
25.7,upcom,DVN,05/01/2022
25.8,upcom,G36,05/01/2022
8.5,upcom,SD3,05/01/2022
18.9,upcom,PVP,05/01/2022
30.6,upcom,VOC,05/01/2022
12.1,upcom,BCA,05/01/2022
13.4,upcom,LPT,05/01/2022
15.5,upcom,EIN,05/01/2022
24,upcom,TCI,05/01/2022
29.5,upcom,C4G,05/01/2022
13.2,upcom,TIS,05/01/2022
86,upcom,TBD,05/01/2022
36.1,upcom,HD6,05/01/2022
31.3,upcom,NDT,05/01/2022
26.1,upcom,CBI,05/01/2022
33.5,upcom,SGP,05/01/2022
51.4,upcom,VCR,05/01/2022
18.6,upcom,SBS,05/01/2022
28.3,upcom,SGI,05/01/2022
8.5,upcom,SD7,05/01/2022
24.2,upcom,PRT,05/01/2022
8.5,upcom,SRT,05/01/2022
8.4,upcom,SRB,05/01/2022
27.7,upcom,SKH,05/01/2022
8.2,upcom,SDD,05/01/2022
12.4,upcom,ILA,05/01/2022
18.1,upcom,OIL,05/01/2022
35.3,upcom,MLS,05/01/2022
103.2,upcom,SSH,05/01/2022
87.2,upcom,CTR,05/01/2022
8.3,upcom,CDO,05/01/2022
15,upcom,VGV,05/01/2022
27.9,upcom,HHV,05/01/2022
17.1,upcom,DRI,05/01/2022
20.4,upcom,QTP,05/01/2022
25.9,upcom,DDV,05/01/2022
73.4,upcom,VTP,05/01/2022
14.3,upcom,HSV,05/01/2022
25.4,upcom,KLB,05/01/2022
13.7,upcom,NED,05/01/2022
8.5,upcom,KHB,05/01/2022
17.8,upcom,VAB,05/01/2022
16.1,upcom,CEN,05/01/2022
27.4,upcom,CLX,05/01/2022
23.3,upcom,TTN,05/01/2022
22.1,upcom,PVM,05/01/2022
8.5,upcom,HTE,05/01/2022
56,upcom,TID,05/01/2022
16.8,upcom,CST,05/01/2022
16.5,upcom,VTD,05/01/2022
33.75,hose,ACB,06/01/2022
37.25,hose,APH,06/01/2022
24.8,hose,ASM,06/01/2022
70.6,hose,BCM,06/01/2022
61,hose,BHN,06/01/2022
38,hose,BID,06/01/2022
58.5,hose,BMP,06/01/2022
56.2,hose,BVH,06/01/2022
42.5,hose,BWE,06/01/2022
54.2,hose,CII,06/01/2022
113.4,hose,CTD,06/01/2022
34,hose,CTG,06/01/2022
74.1,hose,DBC,06/01/2022
36.8,hose,DCM,06/01/2022
155.7,hose,DGC,06/01/2022
123.2,hose,DGW,06/01/2022
87.6,hose,DHC,06/01/2022
123,hose,DHG,06/01/2022
109.5,hose,DIG,06/01/2022
48.8,hose,DPM,06/01/2022
38.05,hose,DXG,06/01/2022
34.2,hose,EIB,06/01/2022
21.1,hose,FLC,06/01/2022
93.5,hose,FPT,06/01/2022
103.7,hose,GAS,06/01/2022
25.5,hose,GEG,06/01/2022
46.45,hose,GEX,06/01/2022
46.8,hose,GMD,06/01/2022
20.1,hose,GTN,06/01/2022
38.6,hose,GVR,06/01/2022
14.2,hose,HAG,06/01/2022
33.8,hose,HBC,06/01/2022
45,hose,HCM,06/01/2022
30.5,hose,HDB,06/01/2022
67.8,hose,HDG,06/01/2022
12.45,hose,HHS,06/01/2022
13.2,hose,HNG,06/01/2022
46.1,hose,HPG,06/01/2022
33.95,hose,HPX,06/01/2022
9.78,hose,HQC,06/01/2022
35.8,hose,HSG,06/01/2022
23.55,hose,HT1,06/01/2022
22.85,hose,HVN,06/01/2022
33.25,hose,IJC,06/01/2022
76.3,hose,IMP,06/01/2022
18.55,hose,ITA,06/01/2022
61.8,hose,KBC,06/01/2022
53.7,hose,KDC,06/01/2022
56.8,hose,KDH,06/01/2022
31.85,hose,KOS,06/01/2022
21.7,hose,LPB,06/01/2022
28.35,hose,MBB,06/01/2022
27.65,hose,MSB,06/01/2022
153.8,hose,MSN,06/01/2022
137.5,hose,MWG,06/01/2022
64.5,hose,NLG,06/01/2022
26.25,hose,NT2,06/01/2022
88.2,hose,NVL,06/01/2022
27,hose,OCB,06/01/2022
40,hose,PAN,06/01/2022
40.05,hose,PC1,06/01/2022
93.8,hose,PDR,06/01/2022
78.1,hose,PHR,06/01/2022
55.5,hose,PLX,06/01/2022
94.6,hose,PNJ,06/01/2022
14.5,hose,POM,06/01/2022
19.25,hose,POW,06/01/2022
24.35,hose,PPC,06/01/2022
17.15,hose,PTL,06/01/2022
31,hose,PVD,06/01/2022
24.85,hose,PVT,06/01/2022
69.9,hose,REE,06/01/2022
154.6,hose,SAB,06/01/2022
27.65,hose,SAM,06/01/2022
26,hose,SBT,06/01/2022
154.9,hose,SCS,06/01/2022
80.8,hose,SJS,06/01/2022
51.9,hose,SSI,06/01/2022
32.7,hose,STB,06/01/2022
72.5,hose,SZC,06/01/2022
49.9,hose,TCB,06/01/2022
29,hose,TCH,06/01/2022
65.5,hose,TCM,06/01/2022
17.15,hose,TNA,06/01/2022
42,hose,TPB,06/01/2022
79.1,hose,VCB,06/01/2022
55.7,hose,VCG,06/01/2022
72.5,hose,VCI,06/01/2022
56.8,hose,VGC,06/01/2022
67,hose,VHC,06/01/2022
85.3,hose,VHM,06/01/2022
46.7,hose,VIB,06/01/2022
104.5,hose,VIC,06/01/2022
32.8,hose,VIX,06/01/2022
123.8,hose,VJC,06/01/2022
81.2,hose,VND,06/01/2022
85.4,hose,VNM,06/01/2022
35.15,hose,VPB,06/01/2022
59.3,hose,VPI,06/01/2022
35.6,hose,VRE,06/01/2022
12.1,hnx,VHE,06/01/2022
11.1,hnx,SPI,06/01/2022
17.6,hnx,WSS,06/01/2022
19.9,hnx,LIG,06/01/2022
13.8,hnx,THT,06/01/2022
45.3,hnx,VGS,06/01/2022
35.8,hnx,APS,06/01/2022
9.6,hnx,FID,06/01/2022
9.4,hnx,HHG,06/01/2022
10.3,hnx,NST,06/01/2022
19.5,hnx,MST,06/01/2022
51,hnx,SHS,06/01/2022
26.4,hnx,PHP,06/01/2022
33.6,hnx,PSD,06/01/2022
48.7,hnx,PVI,06/01/2022
10.7,hnx,MAC,06/01/2022
17.8,hnx,IVS,06/01/2022
19,hnx,PSI,06/01/2022
11,hnx,NDX,06/01/2022
10.3,hnx,ITQ,06/01/2022
27.8,hnx,NRC,06/01/2022
20.5,hnx,LAS,06/01/2022
11.9,hnx,SRA,06/01/2022
12.7,hnx,SD5,06/01/2022
40.5,hnx,EVS,06/01/2022
12.1,hnx,OCH,06/01/2022
9.3,hnx,KSQ,06/01/2022
22.7,hnx,BAB,06/01/2022
17.3,hnx,VIG,06/01/2022
34.2,hnx,TNG,06/01/2022
8.3,hnx,MCO,06/01/2022
36.3,hnx,SCI,06/01/2022
10,hnx,PCG,06/01/2022
117,hnx,VCS,06/01/2022
265.2,hnx,THD,06/01/2022
9.8,hnx,VTV,06/01/2022
13.9,hnx,SD9,06/01/2022
23.3,hnx,BCC,06/01/2022
67,hnx,API,06/01/2022
21.5,hnx,HUT,06/01/2022
12.4,hnx,VKC,06/01/2022
16.8,hnx,PVC,06/01/2022
14.9,hnx,VC9,06/01/2022
14.2,hnx,TA9,06/01/2022
13,hnx,X20,06/01/2022
43,hnx,TAR,06/01/2022
14.6,hnx,NAG,06/01/2022
55.1,hnx,DTD,06/01/2022
9.4,hnx,KLF,06/01/2022
13.3,hnx,TVD,06/01/2022
15.9,hnx,HBS,06/01/2022
17.4,hnx,NBC,06/01/2022
12.9,hnx,DST,06/01/2022
17.7,hnx,MBG,06/01/2022
23,hnx,S99,06/01/2022
40.2,hnx,MBS,06/01/2022
43.5,hnx,PLC,06/01/2022
61,hnx,VC2,06/01/2022
24.5,hnx,AAV,06/01/2022
14.5,hnx,NSH,06/01/2022
30.9,hnx,DDG,06/01/2022
8.8,hnx,SD6,06/01/2022
86.4,hnx,CEO,06/01/2022
9.2,hnx,HOM,06/01/2022
12,hnx,BTS,06/01/2022
10,hnx,CTC,06/01/2022
31.4,hnx,CMS,06/01/2022
15.3,hnx,DL1,06/01/2022
8.7,hnx,SVN,06/01/2022
60,hnx,NTP,06/01/2022
8.3,hnx,TTH,06/01/2022
21.6,hnx,DXP,06/01/2022
45.5,hnx,IDJ,06/01/2022
71,hnx,IDC,06/01/2022
19.4,hnx,NDN,06/01/2022
39.6,hnx,NVB,06/01/2022
17,hnx,ART,06/01/2022
8.3,hnx,KVC,06/01/2022
26.3,hnx,SDA,06/01/2022
10.2,hnx,PV2,06/01/2022
57.9,hnx,VC3,06/01/2022
28.3,hnx,PVS,06/01/2022
12,hnx,TC6,06/01/2022
27.4,hnx,TIG,06/01/2022
14.6,hnx,PBP,06/01/2022
52.4,hnx,GKM,06/01/2022
40.4,hnx,BVS,06/01/2022
12.2,hnx,CVN,06/01/2022
24.5,hnx,VC7,06/01/2022
24.7,hnx,DVG,06/01/2022
13.4,hnx,BII,06/01/2022
14.3,hnx,PVG,06/01/2022
19.3,hnx,PVL,06/01/2022
14.5,hnx,TDT,06/01/2022
23.2,hnx,TVC,06/01/2022
14.7,hnx,AMV,06/01/2022
18.8,hnx,C69,06/01/2022
87.5,hnx,KSF,06/01/2022
126.5,hnx,CSC,06/01/2022
39.8,hnx,BNA,06/01/2022
17.6,upcom,ANT,06/01/2022
22.7,upcom,PAS,06/01/2022
43.5,upcom,VEA,06/01/2022
23.6,upcom,TL4,06/01/2022
8.2,upcom,VE9,06/01/2022
7.6,upcom,SDP,06/01/2022
25.9,upcom,HU4,06/01/2022
13.9,upcom,HNA,06/01/2022
18.1,upcom,SGB,06/01/2022
43.5,upcom,HMS,06/01/2022
29.4,upcom,MSR,06/01/2022
23.7,upcom,BMS,06/01/2022
40.6,upcom,PGV,06/01/2022
33.8,upcom,PGB,06/01/2022
8.9,upcom,BVG,06/01/2022
25.3,upcom,VNP,06/01/2022
28.4,upcom,VGT,06/01/2022
7.3,upcom,VNH,06/01/2022
22.7,upcom,VNB,06/01/2022
31.9,upcom,VNA,06/01/2022
32.7,upcom,VGI,06/01/2022
16.5,upcom,VFS,06/01/2022
35.8,upcom,LTG,06/01/2022
13.7,upcom,MVC,06/01/2022
18.1,upcom,VBB,06/01/2022
16.2,upcom,HAC,06/01/2022
20.7,upcom,NAB,06/01/2022
26,upcom,DNW,06/01/2022
39.9,upcom,DGT,06/01/2022
25,upcom,DFF,06/01/2022
11,upcom,VHG,06/01/2022
5.1,upcom,KSH,06/01/2022
10,upcom,VLG,06/01/2022
16.2,upcom,XMC,06/01/2022
47.8,upcom,QNS,06/01/2022
16.3,upcom,TVN,06/01/2022
8.6,upcom,PXT,06/01/2022
16.7,upcom,PFL,06/01/2022
11.4,upcom,STH,06/01/2022
10.2,upcom,TNS,06/01/2022
15.9,upcom,AFX,06/01/2022
16,upcom,AMS,06/01/2022
9.4,upcom,LMH,06/01/2022
7.3,upcom,BTN,06/01/2022
24,upcom,BSR,06/01/2022
25.6,upcom,DVN,06/01/2022
25.9,upcom,G36,06/01/2022
44.2,upcom,MPC,06/01/2022
57.4,upcom,APF,06/01/2022
21.8,upcom,ABB,06/01/2022
8.4,upcom,SD3,06/01/2022
18.5,upcom,PVP,06/01/2022
30.1,upcom,VOC,06/01/2022
30.2,upcom,AAS,06/01/2022
22.6,upcom,BVB,06/01/2022
14.9,upcom,BOT,06/01/2022
50.7,upcom,VCR,06/01/2022
18.2,upcom,SBS,06/01/2022
23.7,upcom,TCI,06/01/2022
30.1,upcom,C4G,06/01/2022
13.2,upcom,TIS,06/01/2022
88.4,upcom,TBD,06/01/2022
35.2,upcom,HD6,06/01/2022
30.9,upcom,NDT,06/01/2022
12.1,upcom,BCA,06/01/2022
13.1,upcom,LPT,06/01/2022
15.2,upcom,EIN,06/01/2022
25.6,upcom,CBI,06/01/2022
33.3,upcom,SGP,06/01/2022
109.9,upcom,SSH,06/01/2022
88.9,upcom,CTR,06/01/2022
8.7,upcom,CDO,06/01/2022
12.2,upcom,ILA,06/01/2022
18.6,upcom,OIL,06/01/2022
35.1,upcom,MLS,06/01/2022
15.1,upcom,VGV,06/01/2022
17.4,upcom,DRI,06/01/2022
20.1,upcom,QTP,06/01/2022
25.9,upcom,DDV,06/01/2022
72.1,upcom,VTP,06/01/2022
28.1,upcom,SGI,06/01/2022
8.2,upcom,SD7,06/01/2022
24.6,upcom,PRT,06/01/2022
8.5,upcom,SRT,06/01/2022
8.4,upcom,SRB,06/01/2022
27.9,upcom,SKH,06/01/2022
8.6,upcom,SDD,06/01/2022
14.1,upcom,HSV,06/01/2022
25.5,upcom,KLB,06/01/2022
13.6,upcom,NED,06/01/2022
9.1,upcom,KHB,06/01/2022
17.7,upcom,VAB,06/01/2022
15.8,upcom,CEN,06/01/2022
27.9,upcom,CLX,06/01/2022
23.1,upcom,TTN,06/01/2022
22,upcom,PVM,06/01/2022
8.7,upcom,HTE,06/01/2022
54.6,upcom,TID,06/01/2022
16.8,upcom,CST,06/01/2022
15.7,upcom,VTD,06/01/2022
33.3,hose,ACB,07/01/2022
37,hose,APH,07/01/2022
25,hose,ASM,07/01/2022
75.5,hose,BCM,07/01/2022
61.5,hose,BHN,07/01/2022
39.2,hose,BID,07/01/2022
58.4,hose,BMP,07/01/2022
55.6,hose,BVH,07/01/2022
44.1,hose,BWE,07/01/2022
57.9,hose,CII,07/01/2022
113.6,hose,CTD,07/01/2022
33.2,hose,CTG,07/01/2022
74.8,hose,DBC,07/01/2022
35.1,hose,DCM,07/01/2022
153.2,hose,DGC,07/01/2022
125,hose,DGW,07/01/2022
85.6,hose,DHC,07/01/2022
114.6,hose,DHG,07/01/2022
117.1,hose,DIG,07/01/2022
46.85,hose,DPM,07/01/2022
39.2,hose,DXG,07/01/2022
33.4,hose,EIB,07/01/2022
22.55,hose,FLC,07/01/2022
93.4,hose,FPT,07/01/2022
107.5,hose,GAS,07/01/2022
25.6,hose,GEG,07/01/2022
49,hose,GEX,07/01/2022
48.15,hose,GMD,07/01/2022
20,hose,GTN,07/01/2022
38.5,hose,GVR,07/01/2022
14.3,hose,HAG,07/01/2022
34.5,hose,HBC,07/01/2022
44.85,hose,HCM,07/01/2022
30.3,hose,HDB,07/01/2022
67,hose,HDG,07/01/2022
12.4,hose,HHS,07/01/2022
13.1,hose,HNG,07/01/2022
45.8,hose,HPG,07/01/2022
33.95,hose,HPX,07/01/2022
10.2,hose,HQC,07/01/2022
35.35,hose,HSG,07/01/2022
23.5,hose,HT1,07/01/2022
22.65,hose,HVN,07/01/2022
32.8,hose,IJC,07/01/2022
76.1,hose,IMP,07/01/2022
18.35,hose,ITA,07/01/2022
62,hose,KBC,07/01/2022
53.8,hose,KDC,07/01/2022
56.6,hose,KDH,07/01/2022
32,hose,KOS,07/01/2022
22.2,hose,LPB,07/01/2022
28.6,hose,MBB,07/01/2022
27.1,hose,MSB,07/01/2022
154,hose,MSN,07/01/2022
135.5,hose,MWG,07/01/2022
65.1,hose,NLG,07/01/2022
26.4,hose,NT2,07/01/2022
86.4,hose,NVL,07/01/2022
26.9,hose,OCB,07/01/2022
39.6,hose,PAN,07/01/2022
39.4,hose,PC1,07/01/2022
93,hose,PDR,07/01/2022
78,hose,PHR,07/01/2022
56.3,hose,PLX,07/01/2022
93.9,hose,PNJ,07/01/2022
14.45,hose,POM,07/01/2022
20.15,hose,POW,07/01/2022
24.35,hose,PPC,07/01/2022
16.8,hose,PTL,07/01/2022
31.55,hose,PVD,07/01/2022
25,hose,PVT,07/01/2022
69.3,hose,REE,07/01/2022
153.2,hose,SAB,07/01/2022
29,hose,SAM,07/01/2022
26.25,hose,SBT,07/01/2022
153.8,hose,SCS,07/01/2022
81,hose,SJS,07/01/2022
51.6,hose,SSI,07/01/2022
31.95,hose,STB,07/01/2022
71.5,hose,SZC,07/01/2022
49.45,hose,TCB,07/01/2022
28.5,hose,TCH,07/01/2022
65,hose,TCM,07/01/2022
18.35,hose,TNA,07/01/2022
41,hose,TPB,07/01/2022
79.8,hose,VCB,07/01/2022
55.9,hose,VCG,07/01/2022
72.1,hose,VCI,07/01/2022
59,hose,VGC,07/01/2022
67.1,hose,VHC,07/01/2022
85.4,hose,VHM,07/01/2022
46.2,hose,VIB,07/01/2022
102.2,hose,VIC,07/01/2022
34.6,hose,VIX,07/01/2022
123.8,hose,VJC,07/01/2022
80,hose,VND,07/01/2022
83.8,hose,VNM,07/01/2022
34.6,hose,VPB,07/01/2022
60.2,hose,VPI,07/01/2022
34.75,hose,VRE,07/01/2022
12,hnx,VHE,07/01/2022
11.6,hnx,SPI,07/01/2022
17.9,hnx,WSS,07/01/2022
20.6,hnx,LIG,07/01/2022
14,hnx,THT,07/01/2022
46.1,hnx,VGS,07/01/2022
37.5,hnx,APS,07/01/2022
10.1,hnx,FID,07/01/2022
9.5,hnx,HHG,07/01/2022
10.5,hnx,NST,07/01/2022
19.5,hnx,MST,07/01/2022
51.5,hnx,SHS,07/01/2022
27,hnx,PHP,07/01/2022
34.4,hnx,PSD,07/01/2022
27.4,hnx,NRC,07/01/2022
20.3,hnx,LAS,07/01/2022
12.2,hnx,SRA,07/01/2022
13.6,hnx,SD5,07/01/2022
48.3,hnx,PVI,07/01/2022
11.2,hnx,MAC,07/01/2022
17.9,hnx,IVS,07/01/2022
19.5,hnx,PSI,07/01/2022
11.3,hnx,NDX,07/01/2022
10.3,hnx,ITQ,07/01/2022
40.3,hnx,EVS,07/01/2022
12,hnx,OCH,07/01/2022
9.6,hnx,KSQ,07/01/2022
22.3,hnx,BAB,07/01/2022
17.8,hnx,VIG,07/01/2022
36.1,hnx,TNG,07/01/2022
8.4,hnx,MCO,07/01/2022
37.2,hnx,SCI,07/01/2022
10.2,hnx,PCG,07/01/2022
115.4,hnx,VCS,07/01/2022
265.5,hnx,THD,07/01/2022
12.4,hnx,VKC,07/01/2022
17.2,hnx,PVC,07/01/2022
14.8,hnx,VC9,07/01/2022
14.4,hnx,TA9,07/01/2022
13.5,hnx,X20,07/01/2022
42.2,hnx,TAR,07/01/2022
9.7,hnx,VTV,07/01/2022
14.5,hnx,SD9,07/01/2022
23.5,hnx,BCC,07/01/2022
68.1,hnx,API,07/01/2022
21.7,hnx,HUT,07/01/2022
9.6,hnx,SD6,07/01/2022
92.5,hnx,CEO,07/01/2022
16,hnx,HBS,07/01/2022
18.2,hnx,NBC,07/01/2022
13.1,hnx,DST,07/01/2022
17.4,hnx,MBG,07/01/2022
24.8,hnx,S99,07/01/2022
40.2,hnx,MBS,07/01/2022
44.7,hnx,PLC,07/01/2022
9.1,hnx,HOM,07/01/2022
11.7,hnx,BTS,07/01/2022
9.8,hnx,CTC,07/01/2022
31.5,hnx,CMS,07/01/2022
16.8,hnx,DL1,07/01/2022
14.7,hnx,NAG,07/01/2022
58.1,hnx,DTD,07/01/2022
10.3,hnx,KLF,07/01/2022
13.9,hnx,TVD,07/01/2022
61,hnx,VC2,07/01/2022
23.9,hnx,AAV,07/01/2022
14,hnx,NSH,07/01/2022
31,hnx,DDG,07/01/2022
21.7,hnx,DXP,07/01/2022
49,hnx,IDJ,07/01/2022
78,hnx,IDC,07/01/2022
19.2,hnx,NDN,07/01/2022
39,hnx,NVB,07/01/2022
18.1,hnx,ART,07/01/2022
8.6,hnx,KVC,07/01/2022
25.5,hnx,SDA,07/01/2022
10.2,hnx,PV2,07/01/2022
9.3,hnx,SVN,07/01/2022
61.5,hnx,NTP,07/01/2022
9,hnx,TTH,07/01/2022
58.1,hnx,VC3,07/01/2022
29,hnx,PVS,07/01/2022
12.2,hnx,TC6,07/01/2022
27,hnx,TIG,07/01/2022
14.6,hnx,PBP,07/01/2022
51.6,hnx,GKM,07/01/2022
41,hnx,BVS,07/01/2022
12.5,hnx,CVN,07/01/2022
26.9,hnx,VC7,07/01/2022
24.8,hnx,DVG,07/01/2022
14.7,hnx,AMV,07/01/2022
19.1,hnx,C69,07/01/2022
90,hnx,KSF,07/01/2022
126.9,hnx,CSC,07/01/2022
39.6,hnx,BNA,07/01/2022
13.4,hnx,BII,07/01/2022
14.5,hnx,PVG,07/01/2022
19.2,hnx,PVL,07/01/2022
14.9,hnx,TDT,07/01/2022
23.6,hnx,TVC,07/01/2022
17.6,upcom,ANT,07/01/2022
22.3,upcom,PAS,07/01/2022
43.2,upcom,VEA,07/01/2022
23.1,upcom,TL4,07/01/2022
8.3,upcom,VE9,07/01/2022
7.8,upcom,SDP,07/01/2022
25.2,upcom,HU4,07/01/2022
13.9,upcom,HNA,07/01/2022
18.1,upcom,SGB,07/01/2022
43,upcom,HMS,07/01/2022
29,upcom,MSR,07/01/2022
24,upcom,BMS,07/01/2022
16.6,upcom,VFS,07/01/2022
35.5,upcom,LTG,07/01/2022
14.6,upcom,MVC,07/01/2022
18.1,upcom,VBB,07/01/2022
16.1,upcom,HAC,07/01/2022
20.9,upcom,NAB,07/01/2022
40.6,upcom,PGV,07/01/2022
33.3,upcom,PGB,07/01/2022
9.7,upcom,BVG,07/01/2022
25,upcom,VNP,07/01/2022
30,upcom,VGT,07/01/2022
8.1,upcom,VNH,07/01/2022
22.4,upcom,VNB,07/01/2022
31.7,upcom,VNA,07/01/2022
32.5,upcom,VGI,07/01/2022
25.8,upcom,DNW,07/01/2022
41.2,upcom,DGT,07/01/2022
25.1,upcom,DFF,07/01/2022
12.3,upcom,VHG,07/01/2022
5.8,upcom,KSH,07/01/2022
10.1,upcom,VLG,07/01/2022
16.3,upcom,XMC,07/01/2022
47.7,upcom,QNS,07/01/2022
16.3,upcom,TVN,07/01/2022
8.9,upcom,PXT,07/01/2022
16.7,upcom,PFL,07/01/2022
11.2,upcom,STH,07/01/2022
10.3,upcom,TNS,07/01/2022
15.7,upcom,AFX,07/01/2022
15.9,upcom,AMS,07/01/2022
9.5,upcom,LMH,07/01/2022
7.7,upcom,BTN,07/01/2022
43.5,upcom,MPC,07/01/2022
56.7,upcom,APF,07/01/2022
21.7,upcom,ABB,07/01/2022
30.7,upcom,AAS,07/01/2022
22.4,upcom,BVB,07/01/2022
15,upcom,BOT,07/01/2022
24.4,upcom,BSR,07/01/2022
25.2,upcom,DVN,07/01/2022
25.8,upcom,G36,07/01/2022
8.8,upcom,SD3,07/01/2022
18.6,upcom,PVP,07/01/2022
29.6,upcom,VOC,07/01/2022
34.7,upcom,HD6,07/01/2022
30.8,upcom,NDT,07/01/2022
50.3,upcom,VCR,07/01/2022
18.1,upcom,SBS,07/01/2022
23.5,upcom,TCI,07/01/2022
29.4,upcom,C4G,07/01/2022
13,upcom,TIS,07/01/2022
90,upcom,TBD,07/01/2022
11.8,upcom,BCA,07/01/2022
12.9,upcom,LPT,07/01/2022
15.7,upcom,EIN,07/01/2022
25.4,upcom,CBI,07/01/2022
33.1,upcom,SGP,07/01/2022
13.4,upcom,ILA,07/01/2022
19,upcom,OIL,07/01/2022
35.4,upcom,MLS,07/01/2022
117.9,upcom,SSH,07/01/2022
88.2,upcom,CTR,07/01/2022
9.1,upcom,CDO,07/01/2022
15.1,upcom,VGV,07/01/2022
17.5,upcom,DRI,07/01/2022
20.2,upcom,QTP,07/01/2022
25.5,upcom,DDV,07/01/2022
71.9,upcom,VTP,07/01/2022
28,upcom,SGI,07/01/2022
8.9,upcom,SD7,07/01/2022
25.4,upcom,PRT,07/01/2022
9.4,upcom,SRT,07/01/2022
8.7,upcom,SRB,07/01/2022
27.2,upcom,SKH,07/01/2022
9,upcom,SDD,07/01/2022
15.8,upcom,CEN,07/01/2022
28.2,upcom,CLX,07/01/2022
23.1,upcom,TTN,07/01/2022
21.7,upcom,PVM,07/01/2022
8.7,upcom,HTE,07/01/2022
54.5,upcom,TID,07/01/2022
17.1,upcom,CST,07/01/2022
16.1,upcom,VTD,07/01/2022
14,upcom,HSV,07/01/2022
25.5,upcom,KLB,07/01/2022
13.7,upcom,NED,07/01/2022
9.7,upcom,KHB,07/01/2022
17.7,upcom,VAB,07/01/2022
33,hose,ACB,10/01/2022
35.95,hose,APH,10/01/2022
23.8,hose,ASM,10/01/2022
70.3,hose,BCM,10/01/2022
60.5,hose,BHN,10/01/2022
38.85,hose,BID,10/01/2022
58.2,hose,BMP,10/01/2022
54.7,hose,BVH,10/01/2022
44.2,hose,BWE,10/01/2022
53.9,hose,CII,10/01/2022
106.3,hose,CTD,10/01/2022
33.3,hose,CTG,10/01/2022
71.6,hose,DBC,10/01/2022
32.65,hose,DCM,10/01/2022
145,hose,DGC,10/01/2022
121.8,hose,DGW,10/01/2022
85.1,hose,DHC,10/01/2022
108.5,hose,DHG,10/01/2022
112,hose,DIG,10/01/2022
43.65,hose,DPM,10/01/2022
37,hose,DXG,10/01/2022
32.7,hose,EIB,10/01/2022
21.15,hose,FLC,10/01/2022
92,hose,FPT,10/01/2022
102,hose,GAS,10/01/2022
24,hose,GEG,10/01/2022
48,hose,GEX,10/01/2022
46.5,hose,GMD,10/01/2022
19.4,hose,GTN,10/01/2022
37.7,hose,GVR,10/01/2022
15.3,hose,HAG,10/01/2022
32.1,hose,HBC,10/01/2022
43.45,hose,HCM,10/01/2022
29.6,hose,HDB,10/01/2022
63.5,hose,HDG,10/01/2022
12.55,hose,HHS,10/01/2022
13.5,hose,HNG,10/01/2022
45.65,hose,HPG,10/01/2022
33.4,hose,HPX,10/01/2022
10.5,hose,HQC,10/01/2022
35.35,hose,HSG,10/01/2022
23,hose,HT1,10/01/2022
23.2,hose,HVN,10/01/2022
33.5,hose,IJC,10/01/2022
76.2,hose,IMP,10/01/2022
18.4,hose,ITA,10/01/2022
59.1,hose,KBC,10/01/2022
53.8,hose,KDC,10/01/2022
54.1,hose,KDH,10/01/2022
31.85,hose,KOS,10/01/2022
21.6,hose,LPB,10/01/2022
28.1,hose,MBB,10/01/2022
26.35,hose,MSB,10/01/2022
153,hose,MSN,10/01/2022
133,hose,MWG,10/01/2022
60.7,hose,NLG,10/01/2022
25,hose,NT2,10/01/2022
83.9,hose,NVL,10/01/2022
26.1,hose,OCB,10/01/2022
37.7,hose,PAN,10/01/2022
38,hose,PC1,10/01/2022
93.5,hose,PDR,10/01/2022
77.7,hose,PHR,10/01/2022
55,hose,PLX,10/01/2022
93.2,hose,PNJ,10/01/2022
14.25,hose,POM,10/01/2022
18.75,hose,POW,10/01/2022
24.6,hose,PPC,10/01/2022
15.9,hose,PTL,10/01/2022
29.4,hose,PVD,10/01/2022
24,hose,PVT,10/01/2022
68.1,hose,REE,10/01/2022
152,hose,SAB,10/01/2022
27.95,hose,SAM,10/01/2022
26.85,hose,SBT,10/01/2022
157,hose,SCS,10/01/2022
80.5,hose,SJS,10/01/2022
49.55,hose,SSI,10/01/2022
31.6,hose,STB,10/01/2022
71,hose,SZC,10/01/2022
48.65,hose,TCB,10/01/2022
28,hose,TCH,10/01/2022
65,hose,TCM,10/01/2022
19.3,hose,TNA,10/01/2022
40.45,hose,TPB,10/01/2022
79.5,hose,VCB,10/01/2022
52,hose,VCG,10/01/2022
68,hose,VCI,10/01/2022
55.8,hose,VGC,10/01/2022
63.5,hose,VHC,10/01/2022
85.4,hose,VHM,10/01/2022
45.5,hose,VIB,10/01/2022
102.3,hose,VIC,10/01/2022
33,hose,VIX,10/01/2022
123.8,hose,VJC,10/01/2022
77.2,hose,VND,10/01/2022
83.7,hose,VNM,10/01/2022
34.4,hose,VPB,10/01/2022
59,hose,VPI,10/01/2022
35,hose,VRE,10/01/2022
13.1,hnx,VHE,10/01/2022
11,hnx,SPI,10/01/2022
17.4,hnx,WSS,10/01/2022
20.4,hnx,LIG,10/01/2022
13.5,hnx,THT,10/01/2022
44.6,hnx,VGS,10/01/2022
36,hnx,APS,10/01/2022
10.2,hnx,FID,10/01/2022
10,hnx,HHG,10/01/2022
10.5,hnx,NST,10/01/2022
18.6,hnx,MST,10/01/2022
49.1,hnx,SHS,10/01/2022
26.1,hnx,PHP,10/01/2022
34,hnx,PSD,10/01/2022
23.9,hnx,AAV,10/01/2022
47.8,hnx,PVI,10/01/2022
11,hnx,MAC,10/01/2022
16.8,hnx,ART,10/01/2022
18.4,hnx,PSI,10/01/2022
12.4,hnx,NDX,10/01/2022
11.3,hnx,ITQ,10/01/2022
26.4,hnx,NRC,10/01/2022
18.6,hnx,LAS,10/01/2022
12.5,hnx,SRA,10/01/2022
13.9,hnx,SD5,10/01/2022
39.4,hnx,EVS,10/01/2022
12.5,hnx,OCH,10/01/2022
10.5,hnx,KSQ,10/01/2022
22,hnx,BAB,10/01/2022
17.6,hnx,VIG,10/01/2022
34,hnx,TNG,10/01/2022
12.4,hnx,VKC,10/01/2022
16.5,hnx,PVC,10/01/2022
17.6,hnx,IVS,10/01/2022
14.8,hnx,VC9,10/01/2022
14.5,hnx,TA9,10/01/2022
13.9,hnx,X20,10/01/2022
40,hnx,TAR,10/01/2022
20.6,hnx,HUT,10/01/2022
10.4,hnx,PCG,10/01/2022
114.7,hnx,VCS,10/01/2022
260.9,hnx,THD,10/01/2022
9.2,hnx,MCO,10/01/2022
36.7,hnx,SCI,10/01/2022
9.6,hnx,VTV,10/01/2022
15.1,hnx,SD9,10/01/2022
23.4,hnx,BCC,10/01/2022
68.8,hnx,API,10/01/2022
10.5,hnx,SD6,10/01/2022
83.3,hnx,CEO,10/01/2022
10,hnx,HOM,10/01/2022
12.1,hnx,BTS,10/01/2022
10.5,hnx,CTC,10/01/2022
30.5,hnx,CMS,10/01/2022
16.1,hnx,DL1,10/01/2022
14.2,hnx,NAG,10/01/2022
56,hnx,DTD,10/01/2022
10.5,hnx,KLF,10/01/2022
13.4,hnx,TVD,10/01/2022
24.1,hnx,S99,10/01/2022
38.4,hnx,MBS,10/01/2022
48,hnx,PLC,10/01/2022
15.5,hnx,HBS,10/01/2022
17.4,hnx,NBC,10/01/2022
13.6,hnx,DST,10/01/2022
16.6,hnx,MBG,10/01/2022
56,hnx,VC2,10/01/2022
14,hnx,NSH,10/01/2022
31.1,hnx,DDG,10/01/2022
29.4,hnx,VC7,10/01/2022
22.9,hnx,DVG,10/01/2022
21.2,hnx,DXP,10/01/2022
8.8,hnx,KVC,10/01/2022
23.1,hnx,SDA,10/01/2022
10.5,hnx,PV2,10/01/2022
48,hnx,IDJ,10/01/2022
79.9,hnx,IDC,10/01/2022
18.9,hnx,NDN,10/01/2022
38.2,hnx,NVB,10/01/2022
9.4,hnx,SVN,10/01/2022
60.5,hnx,NTP,10/01/2022
9.2,hnx,TTH,10/01/2022
58,hnx,VC3,10/01/2022
27.7,hnx,PVS,10/01/2022
12,hnx,TC6,10/01/2022
26.5,hnx,TIG,10/01/2022
14,hnx,PBP,10/01/2022
52.1,hnx,GKM,10/01/2022
39.3,hnx,BVS,10/01/2022
13,hnx,CVN,10/01/2022
18.4,hnx,C69,10/01/2022
81.2,hnx,KSF,10/01/2022
132.9,hnx,CSC,10/01/2022
39,hnx,BNA,10/01/2022
13.2,hnx,BII,10/01/2022
14.2,hnx,PVG,10/01/2022
19.9,hnx,PVL,10/01/2022
14.6,hnx,TDT,10/01/2022
22.3,hnx,TVC,10/01/2022
15,hnx,AMV,10/01/2022
17.5,upcom,ANT,10/01/2022
21.5,upcom,PAS,10/01/2022
43,upcom,VEA,10/01/2022
22,upcom,TL4,10/01/2022
9,upcom,VE9,10/01/2022
8.5,upcom,SDP,10/01/2022
25.8,upcom,HU4,10/01/2022
14,upcom,HNA,10/01/2022
19.2,upcom,SGB,10/01/2022
48.5,upcom,HMS,10/01/2022
28.7,upcom,MSR,10/01/2022
23.9,upcom,BMS,10/01/2022
40.9,upcom,PGV,10/01/2022
33.2,upcom,PGB,10/01/2022
9.9,upcom,BVG,10/01/2022
25.3,upcom,VNP,10/01/2022
29.5,upcom,VGT,10/01/2022
8.7,upcom,VNH,10/01/2022
22.5,upcom,VNB,10/01/2022
30.8,upcom,VNA,10/01/2022
32.5,upcom,VGI,10/01/2022
16.5,upcom,VFS,10/01/2022
35.1,upcom,LTG,10/01/2022
14.2,upcom,MVC,10/01/2022
18.1,upcom,VBB,10/01/2022
16.1,upcom,HAC,10/01/2022
20.3,upcom,NAB,10/01/2022
26,upcom,DNW,10/01/2022
41.8,upcom,DGT,10/01/2022
24.5,upcom,DFF,10/01/2022
14,upcom,VHG,10/01/2022
5.8,upcom,KSH,10/01/2022
10.2,upcom,VLG,10/01/2022
17.1,upcom,XMC,10/01/2022
47.1,upcom,QNS,10/01/2022
16.2,upcom,TVN,10/01/2022
9.5,upcom,PXT,10/01/2022
16.9,upcom,PFL,10/01/2022
11.1,upcom,STH,10/01/2022
10.2,upcom,TNS,10/01/2022
15.3,upcom,AFX,10/01/2022
15.6,upcom,AMS,10/01/2022
10.5,upcom,LMH,10/01/2022
8.7,upcom,BTN,10/01/2022
30.1,upcom,AAS,10/01/2022
22.1,upcom,BVB,10/01/2022
14.9,upcom,BOT,10/01/2022
56.6,upcom,APF,10/01/2022
42.6,upcom,MPC,10/01/2022
23.7,upcom,BSR,10/01/2022
25.5,upcom,DVN,10/01/2022
26.5,upcom,G36,10/01/2022
9.6,upcom,SD3,10/01/2022
18.8,upcom,PVP,10/01/2022
29,upcom,VOC,10/01/2022
48.6,upcom,VCR,10/01/2022
17.7,upcom,SBS,10/01/2022
23.2,upcom,TCI,10/01/2022
30.4,upcom,C4G,10/01/2022
12.9,upcom,TIS,10/01/2022
90,upcom,TBD,10/01/2022
30.3,upcom,NDT,10/01/2022
38.9,upcom,HD6,10/01/2022
21.5,upcom,ABB,10/01/2022
11.6,upcom,BCA,10/01/2022
12.6,upcom,LPT,10/01/2022
16.8,upcom,EIN,10/01/2022
25.2,upcom,CBI,10/01/2022
33.5,upcom,SGP,10/01/2022
10.1,upcom,SD7,10/01/2022
26.9,upcom,PRT,10/01/2022
10.6,upcom,SRT,10/01/2022
9.4,upcom,SRB,10/01/2022
26.6,upcom,SKH,10/01/2022
9.8,upcom,SDD,10/01/2022
35.3,upcom,MLS,10/01/2022
15.3,upcom,ILA,10/01/2022
18.6,upcom,OIL,10/01/2022
116.3,upcom,SSH,10/01/2022
87.5,upcom,CTR,10/01/2022
10.1,upcom,CDO,10/01/2022
15,upcom,VGV,10/01/2022
18.1,upcom,DRI,10/01/2022
20,upcom,QTP,10/01/2022
24.1,upcom,DDV,10/01/2022
70.9,upcom,VTP,10/01/2022
27.8,upcom,SGI,10/01/2022
22.9,upcom,TTN,10/01/2022
21.5,upcom,PVM,10/01/2022
8.9,upcom,HTE,10/01/2022
57.9,upcom,TID,10/01/2022
17,upcom,CST,10/01/2022
16.3,upcom,VTD,10/01/2022
14.1,upcom,HSV,10/01/2022
25.2,upcom,KLB,10/01/2022
14.4,upcom,NED,10/01/2022
10.3,upcom,KHB,10/01/2022
17.9,upcom,VAB,10/01/2022
15.4,upcom,CEN,10/01/2022
28.5,upcom,CLX,10/01/2022
32.75,hose,ACB,11/01/2022
34.5,hose,APH,11/01/2022
23,hose,ASM,11/01/2022
75.2,hose,BCM,11/01/2022
60.5,hose,BHN,11/01/2022
39.4,hose,BID,11/01/2022
57.8,hose,BMP,11/01/2022
53.8,hose,BVH,11/01/2022
43.8,hose,BWE,11/01/2022
56.6,hose,CII,11/01/2022
106.5,hose,CTD,11/01/2022
33,hose,CTG,11/01/2022
71,hose,DBC,11/01/2022
31.8,hose,DCM,11/01/2022
143,hose,DGC,11/01/2022
120.1,hose,DGW,11/01/2022
83.2,hose,DHC,11/01/2022
106.9,hose,DHG,11/01/2022
119.8,hose,DIG,11/01/2022
43.5,hose,DPM,11/01/2022
37.9,hose,DXG,11/01/2022
33.05,hose,EIB,11/01/2022
19.9,hose,FLC,11/01/2022
89.5,hose,FPT,11/01/2022
103.3,hose,GAS,11/01/2022
24.3,hose,GEG,11/01/2022
49.35,hose,GEX,11/01/2022
45.8,hose,GMD,11/01/2022
19.5,hose,GTN,11/01/2022
36.8,hose,GVR,11/01/2022
15.25,hose,HAG,11/01/2022
32.35,hose,HBC,11/01/2022
41.7,hose,HCM,11/01/2022
29.3,hose,HDB,11/01/2022
63.8,hose,HDG,11/01/2022
11.95,hose,HHS,11/01/2022
12.9,hose,HNG,11/01/2022
45.1,hose,HPG,11/01/2022
33.3,hose,HPX,11/01/2022
10,hose,HQC,11/01/2022
34.6,hose,HSG,11/01/2022
22.8,hose,HT1,11/01/2022
23.05,hose,HVN,11/01/2022
33.75,hose,IJC,11/01/2022
76.9,hose,IMP,11/01/2022
18,hose,ITA,11/01/2022
55.1,hose,KBC,11/01/2022
53.5,hose,KDC,11/01/2022
53,hose,KDH,11/01/2022
31.85,hose,KOS,11/01/2022
21.5,hose,LPB,11/01/2022
27.9,hose,MBB,11/01/2022
26.6,hose,MSB,11/01/2022
144.9,hose,MSN,11/01/2022
131.8,hose,MWG,11/01/2022
59.1,hose,NLG,11/01/2022
25,hose,NT2,11/01/2022
84.5,hose,NVL,11/01/2022
26,hose,OCB,11/01/2022
35.8,hose,PAN,11/01/2022
38.1,hose,PC1,11/01/2022
92.6,hose,PDR,11/01/2022
78.5,hose,PHR,11/01/2022
54.1,hose,PLX,11/01/2022
94.1,hose,PNJ,11/01/2022
14.25,hose,POM,11/01/2022
18.65,hose,POW,11/01/2022
24.3,hose,PPC,11/01/2022
15.2,hose,PTL,11/01/2022
29.5,hose,PVD,11/01/2022
23.4,hose,PVT,11/01/2022
66,hose,REE,11/01/2022
152.9,hose,SAB,11/01/2022
27,hose,SAM,11/01/2022
25.6,hose,SBT,11/01/2022
157.4,hose,SCS,11/01/2022
84,hose,SJS,11/01/2022
48.1,hose,SSI,11/01/2022
32.45,hose,STB,11/01/2022
70.2,hose,SZC,11/01/2022
48.45,hose,TCB,11/01/2022
28.3,hose,TCH,11/01/2022
65,hose,TCM,11/01/2022
20.65,hose,TNA,11/01/2022
40.2,hose,TPB,11/01/2022
79.4,hose,VCB,11/01/2022
53.6,hose,VCG,11/01/2022
64.4,hose,VCI,11/01/2022
55,hose,VGC,11/01/2022
62,hose,VHC,11/01/2022
83.6,hose,VHM,11/01/2022
44.7,hose,VIB,11/01/2022
101,hose,VIC,11/01/2022
32.15,hose,VIX,11/01/2022
123.8,hose,VJC,11/01/2022
73,hose,VND,11/01/2022
83.7,hose,VNM,11/01/2022
34.3,hose,VPB,11/01/2022
58.1,hose,VPI,11/01/2022
34.2,hose,VRE,11/01/2022
35.4,hnx,APS,11/01/2022
9.9,hnx,FID,11/01/2022
33.1,hnx,PSD,11/01/2022
23.5,hnx,AAV,11/01/2022
12.5,hnx,VHE,11/01/2022
11,hnx,SPI,11/01/2022
16.3,hnx,WSS,11/01/2022
19.6,hnx,LIG,11/01/2022
13.5,hnx,THT,11/01/2022
42.8,hnx,VGS,11/01/2022
9.7,hnx,HHG,11/01/2022
10.8,hnx,NST,11/01/2022
17.6,hnx,MST,11/01/2022
47.1,hnx,SHS,11/01/2022
25.8,hnx,PHP,11/01/2022
47.5,hnx,PVI,11/01/2022
10.7,hnx,MAC,11/01/2022
15.2,hnx,ART,11/01/2022
18,hnx,PSI,11/01/2022
12.5,hnx,NDX,11/01/2022
10.8,hnx,ITQ,11/01/2022
18.1,hnx,LAS,11/01/2022
12.3,hnx,SRA,11/01/2022
13.6,hnx,SD5,11/01/2022
39,hnx,EVS,11/01/2022
12.1,hnx,OCH,11/01/2022
9.6,hnx,KSQ,11/01/2022
22.5,hnx,BAB,11/01/2022
26,hnx,NRC,11/01/2022
17.2,hnx,VIG,11/01/2022
33.3,hnx,TNG,11/01/2022
9.4,hnx,MCO,11/01/2022
36,hnx,SCI,11/01/2022
10.4,hnx,PCG,11/01/2022
111.7,hnx,VCS,11/01/2022
260.1,hnx,THD,11/01/2022
9.2,hnx,VTV,11/01/2022
14.9,hnx,SD9,11/01/2022
22.7,hnx,BCC,11/01/2022
67.3,hnx,API,11/01/2022
20.6,hnx,HUT,11/01/2022
12.3,hnx,VKC,11/01/2022
16,hnx,PVC,11/01/2022
17,hnx,IVS,11/01/2022
14.5,hnx,VC9,11/01/2022
14.1,hnx,TA9,11/01/2022
14,hnx,X20,11/01/2022
39.1,hnx,TAR,11/01/2022
15,hnx,DL1,11/01/2022
13.8,hnx,NAG,11/01/2022
54.4,hnx,DTD,11/01/2022
9.5,hnx,KLF,11/01/2022
13.1,hnx,TVD,11/01/2022
15.2,hnx,HBS,11/01/2022
17.2,hnx,NBC,11/01/2022
13.9,hnx,DST,11/01/2022
16.4,hnx,MBG,11/01/2022
25.2,hnx,S99,11/01/2022
37.4,hnx,MBS,11/01/2022
50.8,hnx,PLC,11/01/2022
50.8,hnx,VC2,11/01/2022
13.8,hnx,NSH,11/01/2022
31.1,hnx,DDG,11/01/2022
10.3,hnx,SD6,11/01/2022
91.6,hnx,CEO,11/01/2022
9.6,hnx,HOM,11/01/2022
11.9,hnx,BTS,11/01/2022
10,hnx,CTC,11/01/2022
29.4,hnx,CMS,11/01/2022
8.6,hnx,SVN,11/01/2022
60.7,hnx,NTP,11/01/2022
8.6,hnx,TTH,11/01/2022
47.5,hnx,IDJ,11/01/2022
77.2,hnx,IDC,11/01/2022
18.2,hnx,NDN,11/01/2022
39.5,hnx,NVB,11/01/2022
8.3,hnx,KVC,11/01/2022
20.8,hnx,SDA,11/01/2022
10,hnx,PV2,11/01/2022
58.6,hnx,VC3,11/01/2022
27.5,hnx,PVS,11/01/2022
11.5,hnx,TC6,11/01/2022
26,hnx,TIG,11/01/2022
14,hnx,PBP,11/01/2022
52.2,hnx,GKM,11/01/2022
38.2,hnx,BVS,11/01/2022
12.5,hnx,CVN,11/01/2022
29.4,hnx,VC7,11/01/2022
21.5,hnx,DVG,11/01/2022
21,hnx,DXP,11/01/2022
13,hnx,BII,11/01/2022
13.9,hnx,PVG,11/01/2022
18.9,hnx,PVL,11/01/2022
14.4,hnx,TDT,11/01/2022
21.1,hnx,TVC,11/01/2022
14.3,hnx,AMV,11/01/2022
17.8,hnx,C69,11/01/2022
79.5,hnx,KSF,11/01/2022
131,hnx,CSC,11/01/2022
38,hnx,BNA,11/01/2022
20.1,upcom,PAS,11/01/2022
51.9,upcom,HMS,11/01/2022
16.8,upcom,ANT,11/01/2022
42.8,upcom,VEA,11/01/2022
21.4,upcom,TL4,11/01/2022
8.6,upcom,VE9,11/01/2022
8.2,upcom,SDP,11/01/2022
25.2,upcom,HU4,11/01/2022
13.8,upcom,HNA,11/01/2022
20.5,upcom,SGB,11/01/2022
26.5,upcom,DNW,11/01/2022
41.7,upcom,DGT,11/01/2022
25.5,upcom,DFF,11/01/2022
14,upcom,VHG,11/01/2022
40.4,upcom,PGV,11/01/2022
33.5,upcom,PGB,11/01/2022
9.1,upcom,BVG,11/01/2022
25.2,upcom,VNP,11/01/2022
28.6,upcom,VGT,11/01/2022
8.3,upcom,VNH,11/01/2022
22.1,upcom,VNB,11/01/2022
30.7,upcom,VNA,11/01/2022
31.8,upcom,VGI,11/01/2022
16.1,upcom,HAC,11/01/2022
19.8,upcom,NAB,11/01/2022
5.8,upcom,KSH,11/01/2022
10.2,upcom,VLG,11/01/2022
16.7,upcom,XMC,11/01/2022
46.7,upcom,QNS,11/01/2022
16,upcom,TVN,11/01/2022
9.1,upcom,PXT,11/01/2022
16.3,upcom,PFL,11/01/2022
11.2,upcom,STH,11/01/2022
10,upcom,TNS,11/01/2022
16.1,upcom,VFS,11/01/2022
34.8,upcom,LTG,11/01/2022
13.6,upcom,MVC,11/01/2022
18,upcom,VBB,11/01/2022
15.2,upcom,AFX,11/01/2022
15.1,upcom,AMS,11/01/2022
10.2,upcom,LMH,11/01/2022
8.5,upcom,BTN,11/01/2022
27.6,upcom,MSR,11/01/2022
23.1,upcom,BMS,11/01/2022
23.1,upcom,BSR,11/01/2022
24.7,upcom,DVN,11/01/2022
26.2,upcom,G36,11/01/2022
43.1,upcom,MPC,11/01/2022
56.5,upcom,APF,11/01/2022
9.5,upcom,SD3,11/01/2022
18.7,upcom,PVP,11/01/2022
28.6,upcom,VOC,11/01/2022
29.2,upcom,AAS,11/01/2022
21.9,upcom,BVB,11/01/2022
14.7,upcom,BOT,11/01/2022
48.7,upcom,VCR,11/01/2022
17.2,upcom,SBS,11/01/2022
22.3,upcom,TCI,11/01/2022
30.9,upcom,C4G,11/01/2022
12.8,upcom,TIS,11/01/2022
80,upcom,TBD,11/01/2022
39.4,upcom,HD6,11/01/2022
30,upcom,NDT,11/01/2022
21.2,upcom,ABB,11/01/2022
11.4,upcom,BCA,11/01/2022
12.2,upcom,LPT,11/01/2022
16.5,upcom,EIN,11/01/2022
24.3,upcom,CBI,11/01/2022
32.9,upcom,SGP,11/01/2022
114.9,upcom,SSH,11/01/2022
86.6,upcom,CTR,11/01/2022
9.7,upcom,CDO,11/01/2022
14.5,upcom,ILA,11/01/2022
18.1,upcom,OIL,11/01/2022
35.8,upcom,MLS,11/01/2022
15.2,upcom,VGV,11/01/2022
17.4,upcom,DRI,11/01/2022
19.6,upcom,QTP,11/01/2022
23.4,upcom,DDV,11/01/2022
70.3,upcom,VTP,11/01/2022
27.8,upcom,SGI,11/01/2022
10,upcom,SD7,11/01/2022
27.3,upcom,PRT,11/01/2022
10.3,upcom,SRT,11/01/2022
9.1,upcom,SRB,11/01/2022
25.9,upcom,SKH,11/01/2022
9.4,upcom,SDD,11/01/2022
13.8,upcom,HSV,11/01/2022
25,upcom,KLB,11/01/2022
14,upcom,NED,11/01/2022
9.6,upcom,KHB,11/01/2022
17.8,upcom,VAB,11/01/2022
14.2,upcom,CEN,11/01/2022
27.8,upcom,CLX,11/01/2022
22.6,upcom,TTN,11/01/2022
21.4,upcom,PVM,11/01/2022
8.7,upcom,HTE,11/01/2022
60.2,upcom,TID,11/01/2022
16.9,upcom,CST,11/01/2022
16,upcom,VTD,11/01/2022
33.1,hose,ACB,12/01/2022
34.7,hose,APH,12/01/2022
22,hose,ASM,12/01/2022
79.9,hose,BCM,12/01/2022
60.3,hose,BHN,12/01/2022
42.15,hose,BID,12/01/2022
58,hose,BMP,12/01/2022
54,hose,BVH,12/01/2022
44.7,hose,BWE,12/01/2022
52.7,hose,CII,12/01/2022
112,hose,CTD,12/01/2022
34.15,hose,CTG,12/01/2022
72,hose,DBC,12/01/2022
31.2,hose,DCM,12/01/2022
149.9,hose,DGC,12/01/2022
121,hose,DGW,12/01/2022
83.9,hose,DHC,12/01/2022
101.2,hose,DHG,12/01/2022
111.5,hose,DIG,12/01/2022
44.5,hose,DPM,12/01/2022
37.2,hose,DXG,12/01/2022
33.8,hose,EIB,12/01/2022
18.55,hose,FLC,12/01/2022
89.6,hose,FPT,12/01/2022
108,hose,GAS,12/01/2022
24.6,hose,GEG,12/01/2022
45.9,hose,GEX,12/01/2022
44.35,hose,GMD,12/01/2022
19.4,hose,GTN,12/01/2022
37,hose,GVR,12/01/2022
14.85,hose,HAG,12/01/2022
31,hose,HBC,12/01/2022
42.65,hose,HCM,12/01/2022
30.95,hose,HDB,12/01/2022
62.5,hose,HDG,12/01/2022
11.15,hose,HHS,12/01/2022
12,hose,HNG,12/01/2022
46.2,hose,HPG,12/01/2022
33.5,hose,HPX,12/01/2022
9.3,hose,HQC,12/01/2022
35.2,hose,HSG,12/01/2022
23.5,hose,HT1,12/01/2022
22.95,hose,HVN,12/01/2022
32,hose,IJC,12/01/2022
76,hose,IMP,12/01/2022
16.75,hose,ITA,12/01/2022
58.9,hose,KBC,12/01/2022
53.2,hose,KDC,12/01/2022
53.7,hose,KDH,12/01/2022
31.5,hose,KOS,12/01/2022
21.9,hose,LPB,12/01/2022
29.2,hose,MBB,12/01/2022
28,hose,MSB,12/01/2022
144.9,hose,MSN,12/01/2022
136,hose,MWG,12/01/2022
57.5,hose,NLG,12/01/2022
25.7,hose,NT2,12/01/2022
83.8,hose,NVL,12/01/2022
27,hose,OCB,12/01/2022
35,hose,PAN,12/01/2022
38.1,hose,PC1,12/01/2022
90,hose,PDR,12/01/2022
82,hose,PHR,12/01/2022
54.8,hose,PLX,12/01/2022
92.7,hose,PNJ,12/01/2022
14,hose,POM,12/01/2022
18.15,hose,POW,12/01/2022
23.6,hose,PPC,12/01/2022
14.9,hose,PTL,12/01/2022
31.55,hose,PVD,12/01/2022
23.9,hose,PVT,12/01/2022
66.1,hose,REE,12/01/2022
152.8,hose,SAB,12/01/2022
25.15,hose,SAM,12/01/2022
25.5,hose,SBT,12/01/2022
157.3,hose,SCS,12/01/2022
84,hose,SJS,12/01/2022
50.5,hose,SSI,12/01/2022
34.7,hose,STB,12/01/2022
66,hose,SZC,12/01/2022
50.4,hose,TCB,12/01/2022
24.4,hose,TCH,12/01/2022
64.5,hose,TCM,12/01/2022
20,hose,TNA,12/01/2022
43,hose,TPB,12/01/2022
80,hose,VCB,12/01/2022
52.3,hose,VCG,12/01/2022
66,hose,VCI,12/01/2022
54,hose,VGC,12/01/2022
63.9,hose,VHC,12/01/2022
83.6,hose,VHM,12/01/2022
46.95,hose,VIB,12/01/2022
100.8,hose,VIC,12/01/2022
32,hose,VIX,12/01/2022
123.2,hose,VJC,12/01/2022
76.4,hose,VND,12/01/2022
83.1,hose,VNM,12/01/2022
35.4,hose,VPB,12/01/2022
58.1,hose,VPI,12/01/2022
36,hose,VRE,12/01/2022
11.8,hnx,VHE,12/01/2022
10.3,hnx,SPI,12/01/2022
16.6,hnx,WSS,12/01/2022
17.7,hnx,LIG,12/01/2022
13.4,hnx,THT,12/01/2022
41.5,hnx,VGS,12/01/2022
33.8,hnx,APS,12/01/2022
9,hnx,FID,12/01/2022
9,hnx,HHG,12/01/2022
10.7,hnx,NST,12/01/2022
17.3,hnx,MST,12/01/2022
49.3,hnx,SHS,12/01/2022
25.8,hnx,PHP,12/01/2022
32.5,hnx,PSD,12/01/2022
22.2,hnx,AAV,12/01/2022
10.1,hnx,ITQ,12/01/2022
18.3,hnx,LAS,12/01/2022
12,hnx,SRA,12/01/2022
12.5,hnx,SD5,12/01/2022
24.1,hnx,NRC,12/01/2022
39.6,hnx,EVS,12/01/2022
10.9,hnx,OCH,12/01/2022
9.1,hnx,KSQ,12/01/2022
22.5,hnx,BAB,12/01/2022
47.5,hnx,PVI,12/01/2022
10.2,hnx,MAC,12/01/2022
13.7,hnx,ART,12/01/2022
18.5,hnx,PSI,12/01/2022
12,hnx,NDX,12/01/2022
17.6,hnx,VIG,12/01/2022
31.7,hnx,TNG,12/01/2022
19.5,hnx,HUT,12/01/2022
10.4,hnx,PCG,12/01/2022
110.1,hnx,VCS,12/01/2022
258,hnx,THD,12/01/2022
8.5,hnx,MCO,12/01/2022
34.5,hnx,SCI,12/01/2022
11.7,hnx,VKC,12/01/2022
17,hnx,PVC,12/01/2022
17.3,hnx,IVS,12/01/2022
14.4,hnx,VC9,12/01/2022
13.8,hnx,TA9,12/01/2022
14,hnx,X20,12/01/2022
42.5,hnx,TAR,12/01/2022
9,hnx,VTV,12/01/2022
14.2,hnx,SD9,12/01/2022
23,hnx,BCC,12/01/2022
63.6,hnx,API,12/01/2022
13.7,hnx,NSH,12/01/2022
34.2,hnx,DDG,12/01/2022
51.9,hnx,DTD,12/01/2022
8.6,hnx,KLF,12/01/2022
13.2,hnx,TVD,12/01/2022
23.9,hnx,S99,12/01/2022
38.5,hnx,MBS,12/01/2022
50,hnx,PLC,12/01/2022
15,hnx,HBS,12/01/2022
16.4,hnx,NBC,12/01/2022
13.8,hnx,DST,12/01/2022
16.4,hnx,MBG,12/01/2022
9.3,hnx,SD6,12/01/2022
82.5,hnx,CEO,12/01/2022
9.4,hnx,HOM,12/01/2022
11.5,hnx,BTS,12/01/2022
9.6,hnx,CTC,12/01/2022
31.1,hnx,CMS,12/01/2022
14.1,hnx,DL1,12/01/2022
13.7,hnx,NAG,12/01/2022
49.9,hnx,VC2,12/01/2022
11.7,hnx,CVN,12/01/2022
27.2,hnx,VC7,12/01/2022
21.2,hnx,DVG,12/01/2022
8,hnx,KVC,12/01/2022
18.8,hnx,SDA,12/01/2022
9,hnx,PV2,12/01/2022
20.7,hnx,DXP,12/01/2022
44.6,hnx,IDJ,12/01/2022
71.5,hnx,IDC,12/01/2022
17.4,hnx,NDN,12/01/2022
39,hnx,NVB,12/01/2022
8.6,hnx,SVN,12/01/2022
60.7,hnx,NTP,12/01/2022
8.3,hnx,TTH,12/01/2022
56.5,hnx,VC3,12/01/2022
28.5,hnx,PVS,12/01/2022
11.1,hnx,TC6,12/01/2022
24.5,hnx,TIG,12/01/2022
13.9,hnx,PBP,12/01/2022
51.8,hnx,GKM,12/01/2022
38,hnx,BVS,12/01/2022
13.9,hnx,TDT,12/01/2022
21.6,hnx,TVC,12/01/2022
13.5,hnx,AMV,12/01/2022
17.3,hnx,C69,12/01/2022
77.8,hnx,KSF,12/01/2022
127.8,hnx,CSC,12/01/2022
38.4,hnx,BNA,12/01/2022
12.5,hnx,BII,12/01/2022
13.8,hnx,PVG,12/01/2022
17.1,hnx,PVL,12/01/2022
16.8,upcom,ANT,12/01/2022
20.3,upcom,PAS,12/01/2022
42.5,upcom,VEA,12/01/2022
20,upcom,TL4,12/01/2022
7.9,upcom,VE9,12/01/2022
7.4,upcom,SDP,12/01/2022
23.5,upcom,HU4,12/01/2022
13.8,upcom,HNA,12/01/2022
20,upcom,SGB,12/01/2022
49.5,upcom,HMS,12/01/2022
26.6,upcom,MSR,12/01/2022
22.6,upcom,BMS,12/01/2022
8.3,upcom,BVG,12/01/2022
24.6,upcom,VNP,12/01/2022
27.2,upcom,VGT,12/01/2022
7.7,upcom,VNH,12/01/2022
21.4,upcom,VNB,12/01/2022
29.5,upcom,VNA,12/01/2022
31.1,upcom,VGI,12/01/2022
14.3,upcom,PFL,12/01/2022
11,upcom,STH,12/01/2022
9.5,upcom,TNS,12/01/2022
15.9,upcom,HAC,12/01/2022
19.8,upcom,NAB,12/01/2022
16,upcom,VFS,12/01/2022
34.1,upcom,LTG,12/01/2022
13.1,upcom,MVC,12/01/2022
17.9,upcom,VBB,12/01/2022
26.4,upcom,DNW,12/01/2022
40.8,upcom,DGT,12/01/2022
25.5,upcom,DFF,12/01/2022
12.4,upcom,VHG,12/01/2022
5.8,upcom,KSH,12/01/2022
10,upcom,VLG,12/01/2022
15.9,upcom,XMC,12/01/2022
45.8,upcom,QNS,12/01/2022
15.9,upcom,TVN,12/01/2022
8.4,upcom,PXT,12/01/2022
39.4,upcom,PGV,12/01/2022
33.2,upcom,PGB,12/01/2022
14.9,upcom,AFX,12/01/2022
14.7,upcom,AMS,12/01/2022
9.6,upcom,LMH,12/01/2022
7.6,upcom,BTN,12/01/2022
28,upcom,VOC,12/01/2022
55.3,upcom,APF,12/01/2022
42.3,upcom,MPC,12/01/2022
28.5,upcom,AAS,12/01/2022
21.9,upcom,BVB,12/01/2022
13.8,upcom,BOT,12/01/2022
23.7,upcom,BSR,12/01/2022
23.6,upcom,DVN,12/01/2022
26,upcom,G36,12/01/2022
8.8,upcom,SD3,12/01/2022
18.6,upcom,PVP,12/01/2022
15.9,upcom,EIN,12/01/2022
24.2,upcom,CBI,12/01/2022
32.6,upcom,SGP,12/01/2022
21.8,upcom,TCI,12/01/2022
30.7,upcom,C4G,12/01/2022
12.4,upcom,TIS,12/01/2022
80,upcom,TBD,12/01/2022
28.6,upcom,NDT,12/01/2022
37.6,upcom,HD6,12/01/2022
47.3,upcom,VCR,12/01/2022
17.1,upcom,SBS,12/01/2022
21,upcom,ABB,12/01/2022
11.2,upcom,BCA,12/01/2022
12.3,upcom,LPT,12/01/2022
27.4,upcom,SGI,12/01/2022
9.9,upcom,SD7,12/01/2022
24.8,upcom,PRT,12/01/2022
8.9,upcom,SRT,12/01/2022
8.5,upcom,SRB,12/01/2022
26,upcom,SKH,12/01/2022
8.6,upcom,SDD,12/01/2022
35.1,upcom,MLS,12/01/2022
12.7,upcom,ILA,12/01/2022
18.8,upcom,OIL,12/01/2022
114.1,upcom,SSH,12/01/2022
84.7,upcom,CTR,12/01/2022
8.6,upcom,CDO,12/01/2022
14.5,upcom,VGV,12/01/2022
16.6,upcom,DRI,12/01/2022
19.3,upcom,QTP,12/01/2022
23.2,upcom,DDV,12/01/2022
70.9,upcom,VTP,12/01/2022
17.8,upcom,VAB,12/01/2022
12.9,upcom,CEN,12/01/2022
27.2,upcom,CLX,12/01/2022
24.4,upcom,TTN,12/01/2022
21,upcom,PVM,12/01/2022
8.6,upcom,HTE,12/01/2022
61.1,upcom,TID,12/01/2022
16.4,upcom,CST,12/01/2022
15.6,upcom,VTD,12/01/2022
13.3,upcom,HSV,12/01/2022
25,upcom,KLB,12/01/2022
13.2,upcom,NED,12/01/2022
9.4,upcom,KHB,12/01/2022